{"cameraMode":{"drawMode":0,"name":"Shaded","section":"Shading Mode"},"sceneLighting":false,"audioPlay":false,"sceneViewState":{"m_AlwaysRefresh":false,"showFog":true,"showSkybox":false,"showFlares":true,"showImageEffects":true,"showParticleSystems":true,"showVisualEffectGraphs":true,"m_FxEnabled":true},"in2DMode":false,"pivot":{"x":3.5411438941955568,"y":0.5840933918952942,"z":4.370940208435059},"rotation":{"x":-0.11309611052274704,"y":-0.25569963455200198,"z":0.03013487160205841,"w":-0.9596470594406128},"size":0.6004164814949036,"orthographic":false}