{"cameraMode":{"drawMode":0,"name":"Shaded","section":"Shading Mode"},"sceneLighting":false,"audioPlay":false,"sceneViewState":{"m_AlwaysRefresh":false,"showFog":true,"showSkybox":false,"showFlares":true,"showImageEffects":true,"showParticleSystems":true,"showVisualEffectGraphs":true,"m_FxEnabled":true},"in2DMode":false,"pivot":{"x":3.8593907356262209,"y":0.3480612635612488,"z":4.253985404968262},"rotation":{"x":0.22823455929756165,"y":-0.771129846572876,"z":0.43774908781051638,"w":0.40205249190330508},"size":1.2650978565216065,"orthographic":false}