{"cameraMode":{"drawMode":0,"name":"Shaded","section":"Shading Mode"},"sceneLighting":true,"audioPlay":false,"sceneViewState":{"m_AlwaysRefresh":false,"showFog":true,"showSkybox":true,"showFlares":true,"showImageEffects":true,"showParticleSystems":true,"showVisualEffectGraphs":true,"m_FxEnabled":true},"in2DMode":false,"pivot":{"x":0.037674903869628909,"y":0.987553596496582,"z":0.09192466735839844},"rotation":{"x":-0.049428194761276248,"y":-0.932370662689209,"z":0.13977906107902528,"w":-0.32970258593559267},"size":0.8660253882408142,"orthographic":false}