{"cameraMode":{"drawMode":0,"name":"Shaded","section":"Shading Mode"},"sceneLighting":false,"audioPlay":false,"sceneViewState":{"m_AlwaysRefresh":false,"showFog":true,"showSkybox":false,"showFlares":true,"showImageEffects":true,"showParticleSystems":true,"showVisualEffectGraphs":true,"m_FxEnabled":true},"in2DMode":false,"pivot":{"x":-0.1221076250076294,"y":0.03240291029214859,"z":0.2900584638118744},"rotation":{"x":-0.001576721202582121,"y":-0.944763720035553,"z":0.0045437864027917389,"w":-0.32771962881088259},"size":0.13186413049697877,"orthographic":false}