{"cameraMode":{"drawMode":0,"name":"Shaded","section":"Shading Mode"},"sceneLighting":false,"audioPlay":false,"sceneViewState":{"m_AlwaysRefresh":false,"showFog":true,"showSkybox":false,"showFlares":true,"showImageEffects":true,"showParticleSystems":true,"showVisualEffectGraphs":true,"m_FxEnabled":true},"in2DMode":false,"pivot":{"x":0.2454860806465149,"y":0.5124951601028442,"z":-0.1916414499282837},"rotation":{"x":-0.1771293729543686,"y":-0.8210367560386658,"z":0.35227909684181216,"w":-0.41282525658607485},"size":0.6503060460090637,"orthographic":false}